seed,t,lag,q,M_exp,M_pos,M_pos_structural_proxy,proxy_pos,M_pos_norm,proxy_norm
228,1.0,0.0,-0.007984526090961896,0.1720407106798208,0.17396179270666,0.33233113271869585,0.33233113271869585,1.0,1.0
228,1.05,0.050000000000000044,-0.08923768083344785,0.09230025380050719,0.11534374517682626,0.2830368455824156,0.2830368455824156,0.6630406791181015,0.8516711728659927
228,1.1,0.10000000000000009,-0.1679437338420804,0.011945600867346131,0.07121938448417452,0.2531112594663312,0.2531112594663312,0.40939670358690167,0.7616236775522897
228,1.15,0.1499999999999999,-0.24336271331801718,-0.06765150000226015,0.039430992221177054,0.22993554355561327,0.22993554355561327,0.2266646693372887,0.6918868589728062
228,1.2,0.19999999999999996,-0.3149771627137621,-0.14539085525414044,0.018064578783522522,0.18719879580666884,0.18719879580666884,0.10384222019362377,0.5632899761008087
228,1.25,0.25,-0.38245479333479127,-0.22042286949729864,0.005421986244908341,0.1481936412064365,0.1481936412064365,0.031167684354984022,0.44592163242158867
228,1.3,0.30000000000000004,-0.4456090961460495,-0.29211995915315925,0.0,0.13119780347070495,0.13119780347070495,0.0,0.3947803577637076
229,0.95,0.0,-0.027834007900856106,0.16027287904884277,0.16696975895180433,0.2895354851518628,0.2895354851518628,1.0,1.0
229,1.0,0.050000000000000044,-0.11364211360443632,0.0771836405671078,0.11000894649297088,0.25428172317065734,0.25428172317065734,0.6588555148164577,0.8782402717832162
229,1.05,0.10000000000000009,-0.19619601803735187,-0.006963096982260618,0.06711687647109776,0.22556013704991593,0.22556013704991593,0.4019702543289351,0.7790414253769569
229,1.1,0.15000000000000013,-0.27432006522824604,-0.09029782327809452,0.03635531034721621,0.19377475507265815,0.19377475507265815,0.21773589765863013,0.6692608160655069
229,1.15,0.19999999999999996,-0.34713243394001814,-0.17125375789164893,0.01596134071097601,0.1835809662494512,0.1835809662494512,0.0955942010767545,0.6340534257939474
229,1.2,0.25,-0.414027647621652,-0.2485646128737084,0.004329459638502512,0.15210006076322616,0.15210006076322616,0.025929603454432768,0.525324419849432
229,1.25,0.30000000000000004,-0.47465585322896775,-0.3212546528925332,0.0,0.11578474158577542,0.11578474158577542,0.0,0.39989827680377676
230,1.05,0.0,-0.0172502354846773,0.1484650914997423,0.1526155090662738,0.3226725445065941,0.3226725445065941,1.0,1.0
230,1.1,0.050000000000000044,-0.09507479714136324,0.07472936498951822,0.10100249580614563,0.28492259370050405,0.28492259370050405,0.6618101687311803,0.8830084819772492
230,1.15,0.09999999999999987,-0.17172735556853636,-0.0007125585848173666,0.062115771943263995,0.2555987256570521,0.2555987256570521,0.40700825442511224,0.7921303811202589
230,1.2,0.1499999999999999,-0.24634067788613367,-0.07660386050879564,0.034105348742473784,0.24599194770123556,0.24599194770123556,0.22347236497218262,0.7623578512928251
230,1.25,0.19999999999999996,-0.31819303769125007,-0.1518534307859157,0.015345049568423657,0.22466110375771367,0.22466110375771367,0.10054711780150742,0.6962510680952049
230,1.3,0.25,-0.3866868062963389,-0.2255279518329263,0.004399676033780233,0.17083278141949856,0.17083278141949856,0.028828498890434907,0.5294307939360717
230,1.35,0.30000000000000004,-0.4513309211548546,-0.2968393249648537,0.0,0.15550987442493655,0.15550987442493655,0.0,0.4819433108656028
231,1.1,0.0,-0.06725256368704224,0.09859569008875213,0.11477669944186594,0.3545566199695359,0.3545566199695359,1.0,1.0
231,1.15,0.04999999999999982,-0.14157935690203427,0.02507348732155858,0.0723854600991368,0.3262260340656181,0.3262260340656181,0.6306633702757746,0.9200957356081745
231,1.2,0.09999999999999987,-0.21344350784517352,-0.04871387843677062,0.04137653163262601,0.29684927520231585,0.29684927520231585,0.36049591802021713,0.8372408198944971
231,1.25,0.1499999999999999,-0.2821341747404733,-0.12158810249108674,0.02005334765220575,0.2806013100283081,0.2806013100283081,0.1747161902173595,0.7914146689812698
231,1.3,0.19999999999999996,-0.34713369006250905,-0.19257295605190122,0.006913840444727841,0.2477846982502002,0.2477846982502002,0.06023731714144368,0.6988579095533184
231,1.35,0.25,-0.4080930525099211,-0.26088909285808126,0.0006243287755577693,0.22132385676961838,0.22132385676961838,0.0054395080063614305,0.6242271172052433
231,1.4,0.2999999999999998,-0.4648035228859697,-0.32594110217869765,0.0,0.20477314887896955,0.20477314887896955,0.0,0.5775471034684503
232,1.0,0.0,-0.015936790814561785,0.16700314256704865,0.17083754451533792,0.22723602043758526,0.22723602043758526,1.0,1.0
232,1.05,0.050000000000000044,-0.10254601133986307,0.08554084185927135,0.11335281983168917,0.19279138580340524,0.19279138580340524,0.663512345329409,0.8484191257712995
232,1.1,0.10000000000000009,-0.1880609935446127,0.001930805294055197,0.06994892093918158,0.16617231455697098,0.16617231455697098,0.4094470049755457,0.7312762925392517
232,1.15,0.1499999999999999,-0.27138077569927477,-0.08238428864926907,0.038598620648201284,0.14714311714291792,0.14714311714291792,0.22593757571091683,0.6475342987417508
232,1.2,0.19999999999999996,-0.35154562185486404,-0.16612173277143097,0.01751279460031867,0.11555351859823734,0.11555351859823734,0.10251139262158127,0.5085176125497953
232,1.25,0.25,-0.4277570977709564,-0.2481542508436704,0.00511161227655951,0.08102719045402593,0.08102719045402593,0.029920895263749157,0.3565772288125491
232,1.3,0.30000000000000004,-0.49939522105682577,-0.32751135684139526,0.0,0.05870790109484378,0.05870790109484378,0.0,0.2583564919936143
233,1.05,0.0,-0.029958339152598823,0.16442993776591225,0.1716379331114541,0.29855216831133846,0.29855216831133846,1.0,1.0
233,1.1,0.050000000000000044,-0.11973064897862296,0.07801338440508833,0.11272206172353785,0.2576741870657965,0.2576741870657965,0.65674329491221,0.8630792686023526
233,1.15,0.09999999999999987,-0.20754729937043304,-0.00973920968608498,0.0686138633130548,0.2245501619434683,0.2245501619434683,0.3997593193370605,0.7521304005714042
233,1.2,0.1499999999999999,-0.2923961070870029,-0.09739803303875148,0.03710272569802276,0.18892642451120997,0.18892642451120997,0.21616856498691284,0.6328087502422434
233,1.25,0.19999999999999996,-0.37345558109427124,-0.18371485462861564,0.01625870184326357,0.18446930339404397,0.18446930339404397,0.09472673987926601,0.6178796303421058
233,1.3,0.25,-0.4500740598122823,-0.2676242959572051,0.004388307942957575,0.1462021714112521,0.1462021714112521,0.02556723833366137,0.4897039342845718
233,1.35,0.30000000000000004,-0.5217440581378705,-0.3482370343728418,0.0,0.10508407306808207,0.10508407306808207,0.0,0.35197893106070993
234,1.0,0.0,-0.0634895576976302,0.10334895138561545,0.11862457911798027,0.30736477930768225,0.30736477930768225,1.0,1.0
234,1.05,0.050000000000000044,-0.14144783713622844,0.029263946030037995,0.07580301129261245,0.28189361837179405,0.28189361837179405,0.6390160610578113,0.9171305151056662
234,1.1,0.10000000000000009,-0.21781278097023704,-0.04642885241958741,0.04408000437497606,0.24688055935343142,0.24688055935343142,0.37159250387000725,0.8032168158938466
234,1.15,0.1499999999999999,-0.2916457739292291,-0.12232989122319214,0.021942650902397068,0.20862887445762843,0.20862887445762843,0.1849755848707678,0.6787663665549137
234,1.2,0.19999999999999996,-0.3621796108600148,-0.19723814382100263,0.00802286665451578,0.19368961200660614,0.19368961200660614,0.06763241407614597,0.6301620258602124
234,1.25,0.25,-0.4287990069492902,-0.27014078823125937,0.001082025694149921,0.16181300671602847,0.16181300671602847,0.009121429152332522,0.5264526634460233
234,1.3,0.30000000000000004,-0.49102480373094304,-0.3401993369951082,0.0,0.1354444215733349,0.1354444215733349,0.0,0.4406634419155442
235,1.0,0.0,-0.018959871189567767,0.1711056977903718,0.1756674547886606,0.3345934039074472,0.3345934039074472,1.0,1.0
235,1.05,0.050000000000000044,-0.10573851077102958,0.08698294075663816,0.11615854405894828,0.29915706112173823,0.29915706112173823,0.6612411171932477,0.8940913288430782
235,1.1,0.10000000000000009,-0.18976622733842285,0.0017861081142253482,0.07133094608177831,0.26722486971210546,0.26722486971210546,0.40605669483624096,0.7986555221692991
235,1.15,0.1499999999999999,-0.27007892791728905,-0.08283293166381027,0.03908672675081694,0.24632972350815294,0.24632972350815294,0.22250408761167978,0.7362061553858094
235,1.2,0.19999999999999996,-0.345972784293602,-0.1655140848190933,0.017546559621331437,0.21118089415543137,0.21118089415543137,0.09988509051059624,0.6311567762221837
235,1.25,0.25,-0.4169613274241448,-0.24517598925178766,0.005022549091293829,0.17320679231999267,0.17320679231999267,0.02859123277750157,0.5176634993315764
235,1.3,0.30000000000000004,-0.482733124114368,-0.3209911326553266,0.0,0.14599965464876416,0.14599965464876416,0.0,0.43634947056263407
236,1.05,0.0,-0.021426496393453398,0.1862001072428392,0.19135533582505795,0.2887579238880523,0.2887579238880523,1.0,1.0
236,1.1,0.050000000000000044,-0.11435558704436333,0.09401392424789962,0.1257486949877889,0.2557604585778147,0.2557604585778147,0.6571475754548681,0.8857261997664511
236,1.15,0.09999999999999987,-0.20447195949402097,0.0016097072968195457,0.07678802280422478,0.22816272497416448,0.22816272497416448,0.40128498363080084,0.7901522559173828
236,1.2,0.1499999999999999,-0.29089722928240036,-0.08968279366241975,0.04185806253464036,0.19600479012275712,0.19600479012275712,0.21874520694269062,0.6787858406917541
236,1.25,0.19999999999999996,-0.37292095976892936,-0.1787323764214993,0.01868918658603458,0.17905521491731127,0.17905521491731127,0.09766744421028699,0.6200876239390357
236,1.3,0.25,-0.4499855559715069,-0.2645933986610854,0.005308515628104057,0.15630776003886782,0.15630776003886782,0.027741665029697635,0.5413107212235889
236,1.35,0.30000000000000004,-0.5216718415927246,-0.3464915725317045,0.0,0.12881575682616087,0.12881575682616087,0.0,0.4461029331825403
237,1.0,0.0,-0.040608408229903414,0.19335756809301394,0.20312797679357822,0.23956731745764495,0.23956731745764495,1.0,1.0
237,1.05,0.050000000000000044,-0.14604013003691385,0.08970174296832006,0.13283842468316534,0.21023931362285028,0.21023931362285028,0.6539641992208577,0.8775792785675792
237,1.1,0.10000000000000009,-0.2478994133880783,-0.01458720670779213,0.08037487682876977,0.19438914161005696,0.19438914161005696,0.39568590254038694,0.8114176160294678
237,1.15,0.1499999999999999,-0.34503031711788434,-0.11768621906947571,0.04307667159138775,0.14861454822505513,0.14861454822505513,0.2120666600010639,0.6203456706957947
237,1.2,0.19999999999999996,-0.43655494958767194,-0.21806160872631872,0.018595310756277857,0.10765602575828973,0.10765602575828973,0.09154480367406356,0.4493769304626584
237,1.25,0.25,-0.5218460583447093,-0.31446376814729027,0.004851021411039713,0.06899694306245394,0.06899694306245394,0.023881601577558153,0.28800649351785
237,1.3,0.30000000000000004,-0.6004961861718505,-0.40591260026621206,0.0,0.03827198516733607,0.03827198516733607,0.0,0.15975461750579764
238,1.1,0.0,-0.035953477147557145,0.11239766620230128,0.12104809554070993,0.2870437754288774,0.2870437754288774,1.0,1.0
238,1.15,0.04999999999999982,-0.10339823677072335,0.04653726666287128,0.07849732034485159,0.27065130194331377,0.27065130194331377,0.6484804242000817,0.9428920781819033
238,1.2,0.09999999999999987,-0.16896764656539953,-0.01991989730481142,0.04690050413214295,0.23855635858859578,0.23855635858859578,0.3874534656876923,0.8310800616810601
238,1.25,0.1499999999999999,-0.23195507545865945,-0.08590626026847925,0.024610195162956264,0.21024804888461132,0.21024804888461132,0.20330923054200023,0.732459878534122
238,1.3,0.19999999999999996,-0.2918234842986316,-0.15051186838466082,0.010184267267437618,0.19526970261767804,0.19526970261767804,0.08413405615301503,0.6802784778242342
238,1.35,0.25,-0.3481922688552599,-0.2129880918573362,0.002354056382554696,0.16860986003402897,0.16860986003402897,0.01944728144659656,0.587401206600303
238,1.4,0.2999999999999998,-0.4008190280638566,-0.27274455082495497,0.0,0.13471205209264378,0.13471205209264378,0.0,0.46930838995330254
239,1.0,0.0,-0.02634463740233306,0.17927914874960743,0.18561768516875776,0.25023466793037974,0.25023466793037974,1.0,1.0
239,1.05,0.050000000000000044,-0.12064799910117996,0.08814852402337521,0.1223660635998623,0.22252037937732724,0.22252037937732724,0.6592370952617522,0.8892468066784289
239,1.1,0.10000000000000009,-0.21212923191961086,-0.004219684902791531,0.07483369439191795,0.20055875996042263,0.20055875996042263,0.403160368710996,0.8014827106858833
239,1.15,0.1499999999999999,-0.2996529341860159,-0.09607884718621075,0.040741271040505476,0.19417265951752408,0.19417265951752408,0.21949024417293425,0.7759622642356925
239,1.2,0.19999999999999996,-0.38237987017837605,-0.18594909776373644,0.01807057924728989,0.16028943542205656,0.16028943542205656,0.09735375824162815,0.6405564694443229
239,1.25,0.25,-0.4597419553617821,-0.27262647528619616,0.0050249137131402445,0.12844945398255875,0.12844945398255875,0.027071309011163194,0.5133159807349154
239,1.3,0.30000000000000004,-0.5314045927351456,-0.35517801187688647,0.0,0.10683866834349802,0.10683866834349802,0.0,0.4269539038180859
