seed,crossing_time,M_pos_at_cross,proxy_at_cross,lambda_M_pos_fit,lambda_structural_fit,r2_M_pos_decay_fit,r2_structural_decay_fit,AUC_M_pos_postcross,AUC_structural_postcross,proxy_positive_fraction_postcross
228,1.0,0.17396179270666,0.33233113271869585,7.504309593291811,1.0969907966356052,0.9989498774104857,0.9919875533805496,0.016823079163196936,0.06666202768560829,1.0
229,0.95,0.16696975895180433,0.2895354851518628,7.718134673281043,0.46591953652072926,0.9986435853881229,0.9891804220869433,0.015862840656833285,0.060597887783736405,1.0
230,1.05,0.1526155090662738,0.3226725445065941,7.572694895352437,0.012710719959935751,0.9988115392850686,0.9730118647386097,0.014663804831361205,0.07105491808508847,1.0
231,1.1,0.11477669944186594,0.3545566199695359,8.91247449068161,0.7483141093051898,0.9974304281083175,0.9957771370286335,0.009937092916259344,0.08262250293701562,1.0
232,1.0,0.17083754451533792,0.22723602043758526,7.501794760306971,0.03498688165804215,0.998852514990298,0.9957406390149638,0.016497177027680957,0.0422829743660886,1.0
233,1.05,0.1716379331114541,0.29855216831133846,7.783221667868257,0.6447047619509211,0.9986829604508088,0.981431960771329,0.016245231353828174,0.060182018450774054,1.0
234,1.0,0.11862457911798027,0.30736477930768225,8.587577279571002,0.9467991627795989,0.9975987912584616,0.9949086734746836,0.010512142423882072,0.06571551356729985,1.0
235,1.0,0.1756674547886606,0.3345934039074472,7.600560625118112,0.01805443259652378,0.9987989281839686,0.9966277933269829,0.016848952649924958,0.07186979350477632,1.0
236,1.05,0.19135533582505795,0.2887579238880523,7.740860150511127,1.566927131826816,0.9988435915693982,0.9971900106075341,0.018203507522666078,0.061203889449401104,1.0
237,1.0,0.20312797679357822,0.23956731745764495,7.901714124145,0.006739850287450216,0.9986090393709462,0.9886509483519499,0.01906501468337148,0.04344078117955983,1.0
238,1.1,0.12104809554070993,0.2870437754288774,8.139271822464728,0.011561283269157301,0.9983712405408149,0.99249859930535,0.011153519553014893,0.06471065929144938,1.0
239,1.0,0.18561768516875776,0.25023466793037974,7.684465827834321,0.00854526263857599,0.9987342578119224,0.9827940963999073,0.01769226822885474,0.054226367819841415,1.0
